{"step": 289, "loss": 1.1249159574508667, "status": "warning", "history_len": 100, "timestamp": 1769815471.988818}